WBA,2015-01-05,75.08,75.9,74.27,74.5,4771445.0,0.0,1.0,73.12327569756,73.921904973958,72.334385802581,72.558391575229,4771445.0
WBA,2015-01-06,76.0,76.0,73.94,74.69,4880055.0,0.0,1.0,74.019298788153,74.019298788153,72.012986215738,72.7434398222,4880055.0
WBA,2015-01-08,77.3,77.94,76.86,77.55,4085816.0,0.0,1.0,75.285418372688,75.908738783535,74.85688559023,75.528902908175,4085816.0
WBA,2015-01-12,75.8,76.19,74.84,75.7,2904986.0,0.0,1.0,73.824511159763,74.204347035124,72.889530543492,73.727117345569,2904986.0
WBA,2015-01-13,75.2,76.29,74.11,75.26,5168294.0,0.0,1.0,73.240148274594,74.301740849319,72.178555699869,73.298584563111,5168294.0
WBA,2015-01-14,74.94,75.42,74.26,74.99,3255004.0,0.0,1.0,72.986924357687,73.454414665823,72.324646421161,73.035621264784,3255004.0
WBA,2015-01-15,75.92,76.1,74.61,74.78,3567860.0,0.0,1.0,73.941383736797,74.116692602348,72.665524770844,72.831094254975,3567860.0
WBA,2015-01-20,76.08,76.49,75.31,76.05,2743970.0,0.0,1.0,74.097213839509,74.496528477709,73.347281470208,74.067995695251,2743970.0
WBA,2015-01-21,75.52,76.45,75.06,75.59,2547266.0,0.0,1.0,73.551808480018,74.457570952031,73.103796934721,73.619984149954,2547266.0
WBA,2015-01-22,75.97,76.21,75.13,76.02,3556842.0,0.0,1.0,73.990080643895,74.223825797963,73.171972604657,74.038777550992,3556842.0
WBA,2015-01-23,75.95,75.95,75.2,75.59,3270018.0,0.0,1.0,73.970601881056,73.970601881056,73.240148274594,73.619984149954,3270018.0
WBA,2015-01-26,75.76,76.1,75.38,75.84,2650373.0,0.0,1.0,73.785553634085,74.116692602348,73.415457140145,73.863468685441,2650373.0
WBA,2015-01-28,75.55,75.55,73.59,73.77,4021109.0,0.0,1.0,73.581026624276,73.581026624276,71.672107866055,71.847416731606,4021109.0
WBA,2015-01-29,74.4,74.575,73.16,74.57,3920583.0,0.0,1.0,72.460997761034,72.631436935875,71.253314465017,72.626567245166,3920583.0
WBA,2015-01-30,73.52,74.485,73.43,73.75,6708535.0,0.0,1.0,71.603932196119,72.5437825031,71.516277763343,71.827937968767,6708535.0
WBA,2015-02-02,73.06,74.98,73.0,74.89,4224272.0,0.0,1.0,71.155920650822,73.025881883365,71.097484362305,72.938227450589,4224272.0
WBA,2015-02-03,75.12,75.24,74.31,74.79,2887795.0,0.0,1.0,73.162233223238,73.279105800272,72.373343328259,72.840833636395,2887795.0
WBA,2015-02-04,75.25,75.54,74.21,74.67,3381179.0,0.0,1.0,73.288845181691,73.571287242857,72.275949514064,72.723961059361,3381179.0
WBA,2015-02-05,74.94,75.095,74.48,74.79,4067168.0,0.0,1.0,72.986924357687,73.137884769689,72.53891281239,72.840833636395,4067168.0
WBA,2015-02-06,74.81,76.75,74.43,76.15,4489663.0,0.0,1.0,72.860312399234,74.749752394615,72.490215905293,74.165389509446,4489663.0
WBA,2015-02-09,75.64,76.47,75.62,76.4,3145051.0,0.0,1.0,73.668681057052,74.47704971487,73.649202294213,74.408874044933,3145051.0
WBA,2015-02-10,76.31,76.73,75.635,76.69,4181649.0,0.0,1.0,74.321219612158,74.730273631776,73.663811366342,74.691316106098,4181649.0
WBA,2015-02-11,76.8,79.94,76.71,79.53,7644356.0,0.0,1.0,74.798449301713,77.856615067434,74.710794868937,77.457300429235,7644356.0
WBA,2015-02-12,79.17,80.62,78.94,79.96,5914766.0,0.0,1.0,77.106682698133,78.518893003959,76.882676925485,77.876093830273,5914766.0
WBA,2015-02-13,79.65,79.89,78.57,78.73,3291961.0,0.338,1.0,77.907210863199,78.141959521167,76.850841902342,77.007341007654,3291961.0
WBA,2015-02-17,78.38,78.5,77.87,78.0,3095942.0,0.0,1.0,76.664999214784,76.782373543768,76.166158316601,76.293313839667,3095942.0
WBA,2015-02-18,77.59,77.93,77.04,77.79,3150264.0,0.0,1.0,75.892284882305,76.224845481093,75.354319207795,76.087908763945,3150264.0
WBA,2015-02-19,77.79,78.33,77.015,77.1,2453950.0,0.0,1.0,76.087908763945,76.616093244374,75.32986622259,75.413006372287,2453950.0
WBA,2015-02-20,77.09,77.22,76.36,77.13,3390551.0,0.0,1.0,75.403225178205,75.530380701271,74.689198010218,75.442349954533,3390551.0
WBA,2015-02-23,77.37,78.8734,77.28,78.59,6041311.0,0.0,1.0,75.677098612501,77.14760333079,75.589067865763,76.870404290506,6041311.0
WBA,2015-02-24,78.33,80.79,78.24,80.39,6365904.0,0.0,1.0,76.616093244374,79.022266988548,76.528062497636,78.631019225267,6365904.0
WBA,2015-02-25,80.25,80.41,79.64,80.01,3085015.0,0.0,1.0,78.494082508119,78.650581613431,77.897429669117,78.259333850151,3085015.0
WBA,2015-02-26,79.9,81.83,79.64,81.65,6623566.0,0.0,1.0,78.151740715249,80.039511173077,77.897429669117,79.863449679601,6623566.0
WBA,2015-02-27,81.28,83.77,81.07,83.08,8899287.0,0.0,1.0,79.501545498566,81.937062824986,79.296140422844,81.262160433328,8899287.0
WBA,2015-03-02,83.24,84.0499,82.6,83.62,6659495.0,0.0,1.0,81.41865953864,82.210838447342,80.792663117391,81.790344913756,6659495.0
WBA,2015-03-03,83.43,83.43,82.58,83.21,5722078.0,0.0,1.0,81.604502226198,81.604502226198,80.773100729227,81.389315956394,5722078.0
WBA,2015-03-04,82.79,83.26,82.3,83.02,3890465.0,0.0,1.0,80.97850580495,81.438221926804,80.499227294931,81.203473268836,3890465.0
WBA,2015-03-05,83.45,83.6,82.89,83.2,3223623.0,0.0,1.0,81.624064614362,81.770782525592,81.07631774577,81.379534762312,3223623.0
WBA,2015-03-06,82.58,83.55,82.06,82.35,4714831.0,0.0,1.0,80.773100729227,81.721876555182,80.264478636963,80.548133265341,4714831.0
WBA,2015-03-09,82.19,83.55,82.12,83.5,3257548.0,0.0,1.0,80.391634160029,81.721876555182,80.323165801455,81.672970584772,3257548.0
WBA,2015-03-10,82.7,83.28,82.32,82.72,5490163.0,0.0,1.0,80.890475058211,81.457784314968,80.518789683095,80.910037446375,5490163.0
WBA,2015-03-11,82.39,83.09,81.01,82.51,3291836.0,0.0,1.0,80.587258041669,81.27194162741,79.237453258352,80.704632370653,3291836.0
WBA,2015-03-12,83.13,84.4,82.78,84.25,4892108.0,0.0,1.0,81.311066403738,82.553278052153,80.968724610868,82.406560140923,4892108.0
WBA,2015-03-13,84.25,84.33,83.29,83.72,3542022.0,0.0,1.0,82.406560140923,82.484809693579,81.46756550905,81.888156854576,3542022.0
WBA,2015-03-16,85.01,86.89,85.0,86.77,9384614.0,0.0,1.0,83.149930891155,84.988795378573,83.140149697073,84.871421049589,9384614.0
WBA,2015-03-17,86.51,86.63,85.8304,86.26,5265260.0,0.0,1.0,84.617110003457,84.734484332441,83.952380053643,84.372580151407,5265260.0
WBA,2015-03-18,86.14,87.49,85.48,87.18,5786822.0,0.0,1.0,84.255205822422,85.575667023494,83.60964701301,85.272450006951,5786822.0
WBA,2015-03-19,86.98,87.98,86.77,87.36,5749972.0,0.0,1.0,85.076826125311,86.054945533512,84.871421049589,85.448511500427,5749972.0
WBA,2015-03-20,87.48,88.81,87.42,88.23,23854993.0,0.0,1.0,85.565885829412,86.866784642319,85.50719866492,86.299475385562,23854993.0
WBA,2015-03-23,88.22,88.64,87.65,87.92,8108098.0,0.0,1.0,86.28969419148,86.700504342925,85.732166128806,85.99625836902,8108098.0
WBA,2015-03-24,88.0,88.58,87.38,88.0,3607219.0,0.0,1.0,86.074507921676,86.641817178433,85.468073888591,86.074507921676,3607219.0
WBA,2015-03-25,87.81,88.2,85.47,85.88,4447779.0,0.0,1.0,85.888665234118,86.270131803316,83.599865818928,84.00089477629,4447779.0
WBA,2015-03-26,84.51,85.88,84.36,84.44,5313132.0,0.0,1.0,82.660871187055,84.00089477629,82.514153275825,82.592402828481,5313132.0
WBA,2015-03-27,84.47,85.7418,84.0,85.29,3449086.0,0.0,1.0,82.621746410727,83.865718674077,82.162030288873,83.423804325452,3449086.0
WBA,2015-03-30,85.47,86.22,84.52,85.99,4183763.0,0.0,1.0,83.599865818928,84.333455375078,82.670652381137,84.108487911192,4183763.0
WBA,2015-03-31,85.69,86.06,84.67,84.68,3473481.0,0.0,1.0,83.815052088732,84.176956269766,82.817370292367,82.827151486449,3473481.0
WBA,2015-04-01,84.72,84.9,83.6643,84.26,4869490.0,0.0,1.0,82.866276262777,83.042337756253,81.83367560354,82.416341335005,4869490.0
WBA,2015-04-02,84.41,86.11,84.12,85.97,2733180.0,0.0,1.0,82.563059246235,84.225862240176,82.279404617857,84.088925523028,2733180.0
WBA,2015-04-06,85.26,88.1,85.24,88.01,6050996.0,0.0,1.0,83.394460743206,86.172319862496,83.374898355042,86.084289115758,6050996.0
WBA,2015-04-07,87.6,88.25,87.11,87.28,3871922.0,0.0,1.0,85.683260158396,86.319037773726,85.203981648377,85.370261947771,3871922.0
WBA,2015-04-08,87.04,88.43,86.89,87.68,5421128.0,0.0,1.0,85.135513289803,86.495099267202,84.988795378573,85.761509711052,5421128.0
WBA,2015-04-09,89.5,93.42,89.4,92.62,11319542.0,0.0,1.0,87.541687033977,91.375915114125,87.443875093157,90.593419587564,11319542.0
WBA,2015-04-10,92.14,92.5,90.2501,92.02,5937205.0,0.0,1.0,90.123922271628,90.47604525858,88.275374402069,90.006547942643,5937205.0
WBA,2015-04-13,91.72,92.74,91.3,91.71,4361714.0,0.0,1.0,89.713112120183,90.710793916548,89.302301968739,89.703330926101,4361714.0
WBA,2015-04-14,91.4,92.57,91.089,91.98,2784583.0,0.0,1.0,89.400113909559,90.544513617154,89.095918773609,89.967423166315,2784583.0
WBA,2015-04-15,92.0,92.66,91.25,91.54,3613248.0,0.0,1.0,89.986985554479,90.632544363892,89.253395998329,89.537050626707,3613248.0
WBA,2015-04-16,90.94,91.29,89.07,89.52,7490781.0,0.0,1.0,88.950178981787,89.292520774657,87.121095688451,87.561249422141,7490781.0
WBA,2015-04-17,88.46,89.59,85.86,86.96,15201246.0,0.0,1.0,86.524442849448,87.629717780715,83.981332388126,85.057263737147,15201246.0
WBA,2015-04-20,87.51,88.22,86.87,87.12,6846779.0,0.0,1.0,85.595229411658,86.28969419148,84.969232990409,85.213762842459,6846779.0
WBA,2015-04-21,87.28,88.25,86.914,87.09,5093652.0,0.0,1.0,85.370261947771,86.319037773726,85.01227024437,85.184419260213,5093652.0
WBA,2015-04-22,87.04,87.21,86.6001,87.02,3371300.0,0.0,1.0,85.135513289803,85.301793589197,84.705238562136,85.115950901639,3371300.0
WBA,2015-04-23,86.89,87.27,86.24,86.685,2828390.0,0.0,1.0,84.988795378573,85.360480753689,84.353017763243,84.788280899892,2828390.0
WBA,2015-04-24,87.16,87.2,85.83,85.98,3930835.0,0.0,1.0,85.252887618787,85.292012395115,83.95198880588,84.09870671711,3930835.0
WBA,2015-04-27,86.69,86.69,85.63,86.12,4018344.0,0.0,1.0,84.793171496933,84.793171496933,83.75636492424,84.235643434258,4018344.0
WBA,2015-04-28,85.84,86.16,85.42,86.08,2294167.0,0.0,1.0,83.961769999962,84.274768210586,83.550959848518,84.19651865793,2294167.0
WBA,2015-04-29,85.34,85.84,84.24,84.57,3182649.0,0.0,1.0,83.472710295862,83.961769999962,82.396778946841,82.719558351547,3182649.0
WBA,2015-04-30,84.0,84.5,82.64,82.93,4632313.0,0.0,1.0,82.162030288873,82.651089992973,80.831787893719,81.115442522098,4632313.0
WBA,2015-05-01,82.53,83.7,82.53,83.46,2202650.0,0.0,1.0,80.724194758817,81.868594466412,80.724194758817,81.633845808444,2202650.0
WBA,2015-05-04,83.88,84.7,83.45,84.13,2410120.0,0.0,1.0,82.044655959888,82.846713874613,81.624064614362,82.289185811939,2410120.0
WBA,2015-05-05,84.01,84.27,82.87,83.14,3073975.0,0.0,1.0,82.171811482955,82.426122529087,81.056755357606,81.32084759782,3073975.0
WBA,2015-05-06,83.22,83.74,82.7,83.1,2418143.0,0.0,1.0,81.399097150476,81.90771924274,80.890475058211,81.281722821492,2418143.0
WBA,2015-05-07,83.09,85.23,82.804,84.23,4405486.0,0.0,1.0,81.27194162741,83.36511716096,80.992199476664,82.386997752759,4405486.0
WBA,2015-05-08,84.93,85.55,84.58,85.02,2258182.0,0.0,1.0,83.071681338499,83.678115371584,82.729339545629,83.159712085237,2258182.0
WBA,2015-05-11,85.13,85.46,84.2,84.25,2609163.0,0.0,1.0,83.26730522014,83.590084624846,82.357654170513,82.406560140923,2609163.0
WBA,2015-05-12,83.78,84.91,83.29,84.18,2452765.0,0.0,1.0,81.946844019068,83.052118950335,81.46756550905,82.338091782349,2452765.0
WBA,2015-05-13,84.24,84.99,83.69,84.07,1837224.0,0.0,1.0,82.396778946841,83.130368502991,81.85881327233,82.230498647447,1837224.0
WBA,2015-05-14,84.85,85.41,84.36,85.35,2430640.0,0.0,1.0,82.993431785843,83.541178654436,82.514153275825,83.482491489944,2430640.0
WBA,2015-05-15,85.77,86.565,85.5,86.47,3551742.0,0.0,1.0,83.893301641388,84.670906570908,83.629209401174,84.577985227129,3551742.0
WBA,2015-05-18,86.1,86.67,85.66,86.36,2424463.0,0.0,1.0,84.216081046094,84.773609108769,83.785708506486,84.470392092227,2424463.0
WBA,2015-05-19,86.07,86.3799,85.53,85.84,2264812.0,0.0,1.0,84.186737463848,84.48985666845,83.65855298342,83.961769999962,2264812.0
WBA,2015-05-20,85.95,85.95,84.66,84.89,2104291.0,0.0,1.0,84.069363134864,84.069363134864,82.807589098285,83.032556562171,2104291.0
WBA,2015-05-21,84.75,87.18,84.5101,87.14,3363567.0,0.0,1.0,82.895619845023,85.272450006951,82.660968998996,85.233325230623,3363567.0
WBA,2015-05-22,86.71,86.99,86.06,86.45,2273551.0,0.0,1.0,84.812733885097,85.086607319393,84.176956269766,84.558422838965,2273551.0
WBA,2015-05-26,86.56,86.71,84.85,85.55,3734288.0,0.0,1.0,84.666015973867,84.812733885097,82.993431785843,83.678115371584,3734288.0
WBA,2015-05-27,85.62,86.8201,85.485,86.18,2140965.0,0.0,1.0,83.746583730158,84.92042483194,83.614537610051,84.29433059875,2140965.0
WBA,2015-05-28,86.34,86.74,85.53,86.05,1609216.0,0.0,1.0,84.450829704063,84.842077467343,83.65855298342,84.167175075684,1609216.0
WBA,2015-05-29,85.85,86.8999,85.53,85.84,2736803.0,0.0,1.0,83.971551194044,84.998478760714,83.65855298342,83.961769999962,2736803.0
WBA,2015-06-01,86.17,86.338,84.7,85.98,1864920.0,0.0,1.0,84.284549404668,84.448873465246,82.846713874613,84.09870671711,1864920.0
WBA,2015-06-02,86.31,86.94,85.77,86.33,2771463.0,0.0,1.0,84.421486121817,85.037701348983,83.893301641388,84.441048509981,2771463.0
WBA,2015-06-03,86.37,87.11,85.67,85.82,3536779.0,0.0,1.0,84.480173286309,85.203981648377,83.795489700568,83.942207611798,3536779.0
WBA,2015-06-04,86.11,86.37,84.72,85.255,3817104.0,0.0,1.0,84.225862240176,84.480173286309,82.866276262777,83.389570146165,3817104.0
WBA,2015-06-05,85.04,85.61,83.81,83.89,2901629.0,0.0,1.0,83.179274473401,83.736802536076,81.976187601314,82.05443715397,2901629.0
WBA,2015-06-08,83.73,84.11,82.92,83.26,2552979.0,0.0,1.0,81.897938048658,82.269623423775,81.105661328016,81.438221926804,2552979.0
WBA,2015-06-09,83.6,84.62,83.3,84.17,2998542.0,0.0,1.0,81.770782525592,82.768464321957,81.477346703132,82.328310588267,2998542.0
WBA,2015-06-10,84.53,85.81,84.37,85.49,3197752.0,0.0,1.0,82.680433575219,83.932426417716,82.523934469907,83.619428207092,3197752.0
WBA,2015-06-11,85.67,86.2,85.5,85.79,3018902.0,0.0,1.0,83.795489700568,84.313892986914,83.629209401174,83.912864029552,3018902.0
WBA,2015-06-12,85.51,85.7,84.92,85.06,3024225.0,0.0,1.0,83.638990595256,83.824833282814,83.061900144417,83.198836861565,3024225.0
WBA,2015-06-15,84.68,84.95,83.89,84.42,2598180.0,0.0,1.0,82.827151486449,83.091243726663,82.05443715397,82.572840440317,2598180.0
WBA,2015-06-16,84.44,85.94,84.25,85.88,2567412.0,0.0,1.0,82.592402828481,84.059581940782,82.406560140923,84.00089477629,2567412.0
WBA,2015-06-17,85.99,86.06,85.15,85.62,2859012.0,0.0,1.0,84.108487911192,84.176956269766,83.286867608304,83.746583730158,2859012.0
WBA,2015-06-18,85.91,88.21,85.89,87.7808,3452659.0,0.0,1.0,84.030238358536,86.279912997398,84.010675970372,85.860104147398,3452659.0
WBA,2015-06-19,87.82,89.38,87.64,88.52,6065834.0,0.0,1.0,85.8984464282,87.424312704993,85.722384934724,86.58313001394,6065834.0
WBA,2015-06-22,88.88,89.24,87.62,87.75,2765044.0,0.0,1.0,86.935253000893,87.287375987845,85.70282254656,85.829978069626,2765044.0
WBA,2015-06-23,87.94,87.96,86.83,87.09,2437136.0,0.0,1.0,86.015820757184,86.035383145348,84.930108214081,85.184419260213,2437136.0
WBA,2015-06-24,86.86,86.95,85.81,86.15,2385005.0,0.0,1.0,84.959451796327,85.047482543065,83.932426417716,84.264987016504,2385005.0
WBA,2015-06-25,86.12,86.97,85.95,86.36,2580243.0,0.0,1.0,84.235643434258,85.067044931229,84.069363134864,84.470392092227,2580243.0
WBA,2015-06-26,86.8,87.09,86.07,86.77,6454521.0,0.0,1.0,84.900764631835,85.184419260213,84.186737463848,84.871421049589,6454521.0
WBA,2015-06-29,86.01,86.16,84.26,84.28,2783781.0,0.0,1.0,84.128050299356,84.274768210586,82.416341335005,82.435903723169,2783781.0
WBA,2015-06-30,85.19,85.44,84.356,84.44,3519668.0,0.0,1.0,83.325992384632,83.570522236682,82.510240798192,82.592402828481,3519668.0
WBA,2015-07-01,85.08,85.86,84.85,85.77,2745312.0,0.0,1.0,83.21839924973,83.981332388126,82.993431785843,83.893301641388,2745312.0
WBA,2015-07-02,86.09,86.28,85.64,85.81,2779647.0,0.0,1.0,84.206299852012,84.392142539571,83.766146118322,83.932426417716,2779647.0
WBA,2015-07-06,84.93,85.85,84.73,85.39,3213861.0,0.0,1.0,83.071681338499,83.971551194044,82.876057456859,83.521616266272,3213861.0
WBA,2015-07-07,85.61,87.61,85.45,87.25,4734004.0,0.0,1.0,83.736802536076,85.693041352478,83.580303430764,85.340918365525,4734004.0
WBA,2015-07-08,86.71,86.99,85.4149,85.91,4095207.0,0.0,1.0,84.812733885097,85.086607319393,83.545971439536,84.030238358536,4095207.0
WBA,2015-07-09,90.0,90.24,88.0,89.55,10114550.0,0.0,1.0,88.030746738078,88.265495396046,86.074507921676,87.590593004387,10114550.0
WBA,2015-07-10,91.76,93.79,91.3,93.11,7585212.0,0.0,1.0,89.752236896511,91.737819295159,89.302301968739,91.072698097582,7585212.0
WBA,2015-07-14,94.76,94.8,94.03,94.33,2945700.0,0.0,1.0,92.686595121114,92.725719897442,91.972567953127,92.266003775587,2945700.0
WBA,2015-07-15,94.33,94.68,93.47,93.95,3196823.0,0.0,1.0,92.266003775587,92.608345568458,91.424821084535,91.894318400471,3196823.0
WBA,2015-07-16,94.95,96.22,96.22,96.09,6634908.0,0.0,1.0,92.872437808672,94.114649457087,94.114649457087,93.987493934021,6634908.0
WBA,2015-07-17,95.66,96.02,95.12,95.75,2438620.0,0.0,1.0,93.566902588495,93.919025575447,93.038718108066,93.654933335233,2438620.0
WBA,2015-07-20,95.23,95.91,94.68,95.65,1817468.0,0.0,1.0,93.146311242968,93.811432440545,92.608345568458,93.557121394413,1817468.0
WBA,2015-07-21,95.56,95.85,94.96,95.66,2077350.0,0.0,1.0,93.469090647675,93.752745276053,92.882219002754,93.566902588495,2077350.0
WBA,2015-07-22,96.73,97.02,96.09,96.64,3604237.0,0.0,1.0,94.61349035527,94.897144983648,93.987493934021,94.525459608531,3604237.0
WBA,2015-07-23,96.86,96.87,95.2,95.48,2049069.0,0.0,1.0,94.740645878336,94.750427072418,93.116967660722,93.390841095019,2049069.0
WBA,2015-07-24,95.61,95.93,94.8771,95.11,2280286.0,0.0,1.0,93.517996618085,93.830994828709,92.801132903814,93.028936913984,2280286.0
WBA,2015-07-27,94.86,95.439,93.71,94.38,2569585.0,0.0,1.0,92.784407061934,93.350738199282,91.659569742503,92.314909745998,2569585.0
WBA,2015-07-28,94.76,96.51,94.4,96.22,3362176.0,0.0,1.0,92.686595121114,94.398304085465,92.334472134162,94.114649457087,3362176.0
WBA,2015-07-29,95.64,97.27,95.58,96.58,3727528.0,0.0,1.0,93.547340200331,95.141674835698,93.488653035839,94.466772444039,3727528.0
WBA,2015-07-30,96.3,97.03,96.11,96.54,2304930.0,0.0,1.0,94.192899009743,94.90692617773,94.007056322185,94.427647667711,2304930.0
WBA,2015-07-31,96.65,96.97,95.92,96.63,2803246.0,0.0,1.0,94.535240802614,94.848239013238,93.821213634627,94.515678414449,2803246.0
WBA,2015-08-03,96.12,96.3,95.06,95.91,2251821.0,0.0,1.0,94.016837516267,94.192899009743,92.980030943574,93.811432440545,2251821.0
WBA,2015-08-04,96.1,96.11,94.8,95.67,2941269.0,0.0,1.0,93.997275128103,94.007056322185,92.725719897442,93.576683782577,2941269.0
WBA,2015-08-05,97.03,97.3,96.29,96.68,2504142.0,0.0,1.0,94.90692617773,95.171018417944,94.183117815661,94.56458438486,2504142.0
WBA,2015-08-06,96.67,96.885,93.65,93.73,3387398.0,0.0,1.0,94.554803190778,94.765098863541,91.600882578011,91.679132130667,3387398.0
WBA,2015-08-07,94.71,94.71,92.05,93.28,4208145.0,0.0,1.0,92.637689150704,92.637689150704,90.03589152489,91.238978396977,4208145.0
WBA,2015-08-10,94.21,94.44,93.58,93.95,2378106.0,0.0,1.0,92.148629446603,92.37359691049,91.532414219437,91.894318400471,2378106.0
WBA,2015-08-11,93.38,94.1,92.41,92.95,2896275.0,0.0,1.0,91.336790337797,92.041036311701,90.388014511842,90.91619899227,2896275.0
WBA,2015-08-12,92.34,93.71,91.64,93.36,3505463.0,0.0,1.0,90.319546153268,91.659569742503,89.634862567527,91.317227949633,3505463.0
WBA,2015-08-13,93.44,93.66,92.33,92.55,3433899.0,0.0,1.0,91.395477502289,91.610663772093,90.309764959186,90.52495122899,3433899.0
WBA,2015-08-14,92.28,92.91,91.81,92.1,2798097.0,0.0,1.0,90.260858988776,90.877074215942,89.801142866921,90.0847974953,2798097.0
WBA,2015-08-17,91.69,92.74,91.34,92.7,1863353.0,0.36,1.0,90.032055017696,91.063068844379,89.688383742135,91.023792127172,1863353.0
WBA,2015-08-18,92.55,92.7,91.53,91.94,3390242.0,0.0,1.0,90.876504437646,91.023792127172,89.874948148868,90.27753450024,3390242.0
WBA,2015-08-19,91.25,92.27,90.79,91.41,3125210.0,0.0,1.0,89.600011128419,90.601567417197,89.148328880539,89.757117997247,3125210.0
WBA,2015-08-20,90.22,91.16,89.72,89.77,3341820.0,0.0,1.0,88.58863566034,89.511638514704,88.097676695253,88.146772591761,3341820.0
WBA,2015-08-21,88.63,88.95,85.52,85.76,6707822.0,0.0,1.0,87.027386151362,87.341599889018,83.97362138852,84.209281691762,6707822.0
WBA,2015-08-24,81.89,84.95,76.0075,82.67,8215924.0,0.0,1.0,80.409259301986,83.41392816832,74.633127077735,81.175155287523,8215924.0
WBA,2015-08-25,84.02,86.99,81.01,82.06,9574868.0,0.0,1.0,82.500744493258,85.417040745876,79.545171523433,80.576185350116,9574868.0
WBA,2015-08-26,83.68,85.59,81.08,85.41,6789072.0,0.0,1.0,82.166892396999,84.042355643632,79.613905778545,83.865610416201,6789072.0
WBA,2015-08-27,86.28,88.3,85.92,87.85,5513147.0,0.0,1.0,84.719879015452,86.703353234405,84.36638856059,86.261490165826,5513147.0
WBA,2015-08-28,87.27,88.05,86.4,87.42,3921027.0,0.0,1.0,85.691977766325,86.457873751861,84.837709167073,85.839265455851,3921027.0
WBA,2015-08-31,86.9,87.13,85.94,86.55,3530679.0,0.0,1.0,85.328668132161,85.554509256101,84.386026919193,84.984996856599,3530679.0
WBA,2015-09-01,84.34,87.13,84.195,86.04,7011473.0,0.0,1.0,82.814958230914,85.554509256101,82.672580131039,84.484218712211,7011473.0
WBA,2015-09-02,86.98,88.06,85.92,87.83,5008489.0,0.0,1.0,85.407221566574,86.467692931163,84.36638856059,86.241851807223,5008489.0
WBA,2015-09-03,88.35,89.24,87.93,88.26,3988644.0,0.0,1.0,86.752449130913,87.626356088769,86.34004360024,86.664076517198,3988644.0
WBA,2015-09-04,87.01,88.0,86.43,87.43,5426521.0,0.0,1.0,85.43667910448,86.408777855352,84.867166704979,85.849084635153,5426521.0
WBA,2015-09-08,88.67,90.17,88.45,90.09,3850195.0,0.0,1.0,87.066662868569,88.539539763831,86.850640923931,88.460986329417,3850195.0
WBA,2015-09-09,92.07,92.07,88.69,88.94,3722740.0,0.0,1.0,90.405183831162,90.405183831162,87.086301227173,87.331780709716,3722740.0
WBA,2015-09-10,88.52,90.13,88.52,89.38,3991582.0,0.0,1.0,86.919375179043,88.500263046624,86.919375179043,87.763824598993,3991582.0
WBA,2015-09-11,89.01,90.46,88.75,90.4,3286156.0,0.0,1.0,87.400514964829,88.824295963582,87.145216302983,88.765380887771,3286156.0
WBA,2015-09-14,90.66,90.76,89.9,90.17,3004093.0,0.0,1.0,89.020679549616,89.118871342634,88.274421922684,88.539539763831,3004093.0
WBA,2015-09-15,90.45,91.24,89.415,90.92,2696560.0,0.0,1.0,88.81447678428,89.590191949118,87.798191726549,89.275978211462,2696560.0
WBA,2015-09-16,90.9,91.03,90.28,90.91,2493434.0,0.0,1.0,89.256339852858,89.383989183781,88.64755073615,89.26615903216,2493434.0
WBA,2015-09-17,91.1,91.1,89.24,89.68,3530821.0,0.0,1.0,89.452723438893,89.452723438893,87.626356088769,88.058399978046,3530821.0
WBA,2015-09-18,88.73,88.77,86.2,86.49,10473670.0,0.0,1.0,87.12557794438,87.164854661587,84.641325581038,84.926081780789,10473670.0
WBA,2015-09-21,87.08,88.44,87.02,88.25,3933976.0,0.0,1.0,85.505413359592,86.840821744629,85.446498283781,86.654257337896,3933976.0
WBA,2015-09-22,86.68,87.71,85.98,86.71,3851355.0,0.0,1.0,85.112646187522,86.124021655602,84.4253036364,85.142103725427,3851355.0
WBA,2015-09-23,89.34,89.34,86.52,87.44,2358083.0,0.0,1.0,87.724547881786,87.724547881786,84.955539318694,85.858903814455,2358083.0
WBA,2015-09-24,86.52,86.829,85.03,85.75,3670342.0,0.0,1.0,84.955539318694,85.258951959118,83.492481602734,84.19946251246,3670342.0
WBA,2015-09-25,87.13,87.82,84.81,85.32,5251519.0,0.0,1.0,85.554509256101,86.232032627921,83.276459658096,83.777237802485,5251519.0
WBA,2015-09-28,85.03,85.45,81.96,82.63,4817839.0,0.0,1.0,83.492481602734,83.904887133408,80.477993557099,81.135878570316,4817839.0
WBA,2015-09-29,82.75,83.85,81.45,82.06,4126812.0,0.0,1.0,81.253708721937,82.333818445128,79.97721541271,80.576185350116,4126812.0
WBA,2015-09-30,82.82,83.28,81.99,83.1,3759335.0,0.0,1.0,81.322442977049,81.774125224929,80.507451095004,81.597379997498,3759335.0
WBA,2015-10-01,83.57,84.77,82.6,84.63,4279577.0,0.0,1.0,82.05888142468,83.237182940889,81.10642103241,83.099714430665,4279577.0
WBA,2015-10-02,83.32,87.16,82.72,87.11,4608863.0,0.0,1.0,81.813401942136,85.583966794006,81.224251184031,85.534870897497,4608863.0
WBA,2015-10-05,87.72,88.52,87.11,87.96,5006962.0,0.0,1.0,86.133840834904,86.919375179043,85.534870897497,86.369501138145,5006962.0
WBA,2015-10-06,87.08,87.87,83.6356,84.1,5511661.0,0.0,1.0,85.505413359592,86.28112852443,82.123295240899,82.579297927672,5511661.0
WBA,2015-10-07,84.9,85.0,83.34,84.44,3467056.0,0.0,1.0,83.364832271812,83.463024064829,81.833040300739,82.913150023931,3467056.0
WBA,2015-10-08,84.12,85.6,83.55,84.28,3298102.0,0.0,1.0,82.598936286276,84.052174822934,82.039243066076,82.756043155103,3298102.0
WBA,2015-10-09,84.27,85.53,83.75,85.37,3493614.0,0.0,1.0,82.746223975802,83.983440567822,82.235626652111,83.826333698994,3493614.0
WBA,2015-10-12,85.19,86.25,85.12,86.21,2100150.0,0.0,1.0,83.649588471562,84.690421477547,83.58085421645,84.65114476034,2100150.0
WBA,2015-10-13,85.67,86.44,84.97,85.14,2782020.0,0.0,1.0,84.120909078046,84.87698588428,83.433566526924,83.600492575053,2782020.0
WBA,2015-10-14,85.02,85.4,83.455,84.03,3505733.0,0.0,1.0,83.482662423433,83.855791236899,81.94596086271,82.51056367256,3505733.0
WBA,2015-10-15,84.76,87.32,84.37,87.26,3427595.0,0.0,1.0,83.227363761587,85.741073662834,82.844415768819,85.682158587023,3427595.0
WBA,2015-10-16,87.77,88.2,86.71,88.14,3697181.0,0.0,1.0,86.182936731412,86.605161441387,85.142103725427,86.546246365577,3697181.0
WBA,2015-10-19,87.82,88.55,87.77,88.46,3471655.0,0.0,1.0,86.232032627921,86.948832716948,86.182936731412,86.860460103233,3471655.0
WBA,2015-10-20,88.46,89.56,88.385,88.74,2647603.0,0.0,1.0,86.860460103233,87.940569826425,86.78681625847,87.135397123682,2647603.0
WBA,2015-10-21,89.09,89.19,87.73,88.04,3503048.0,0.0,1.0,87.479068399243,87.57726019226,86.143660014205,86.448054572559,3503048.0
WBA,2015-10-22,87.88,89.26,87.85,88.63,4238465.0,0.0,1.0,86.290947703731,87.645994447372,86.261490165826,87.027386151362,4238465.0
WBA,2015-10-23,89.5,90.16,87.84,89.96,4643559.0,0.0,1.0,87.881654750614,88.529720584529,86.251670986525,88.333336998494,4643559.0
WBA,2015-10-26,90.13,90.31,89.18,89.48,4108560.0,0.0,1.0,88.500263046624,88.677008274055,87.567441012958,87.862016392011,4108560.0
WBA,2015-10-27,89.2,95.74,88.96,95.16,13315533.0,0.0,1.0,87.587079371562,94.008822634903,87.35141906832,93.439310235402,13315533.0
WBA,2015-10-28,92.04,93.0,84.44,84.75,24265766.0,0.0,1.0,90.375726293257,91.318367506225,82.913150023931,83.217544582285,24265766.0
WBA,2015-10-29,85.36,86.76,83.77,83.88,9886527.0,0.0,1.0,83.816514519692,85.191199621936,82.255265010714,82.363275983034,9886527.0
WBA,2015-10-30,83.87,84.97,82.51,84.68,7621402.0,0.0,1.0,82.353456803732,83.433566526924,81.018048418695,83.148810327173,7621402.0
WBA,2015-11-02,84.3,86.65,83.32,86.55,6861599.0,0.0,1.0,82.775681513707,85.083188649617,81.813401942136,84.984996856599,6861599.0
WBA,2015-11-03,86.44,89.15,86.01,88.23,6955981.0,0.0,1.0,84.87698588428,87.537983475053,84.454761174305,86.634618979293,6955981.0
WBA,2015-11-04,88.36,88.49,86.0601,87.48,5464482.0,0.0,1.0,86.762268310215,86.889917641138,84.503955262607,85.898180531662,5464482.0
WBA,2015-11-05,87.67,87.7,85.64,85.95,3516697.0,0.0,1.0,86.084744938395,86.1142024763,84.091451540141,84.395846098495,3516697.0
WBA,2015-11-06,85.7,85.92,83.76,84.67,6103010.0,0.0,1.0,84.150366615951,84.36638856059,82.245445831413,83.138991147871,6103010.0
WBA,2015-11-09,84.27,84.37,82.44,83.48,4392368.0,0.0,1.0,82.746223975802,82.844415768819,80.949314163582,81.970508810964,4392368.0
WBA,2015-11-10,83.83,84.79,83.26,83.53,4280915.0,0.0,1.0,82.314180086525,83.256821299492,81.754486866326,82.019604707473,4280915.0
WBA,2015-11-11,83.71,83.8599,81.7,81.82,6020844.0,0.0,1.0,82.196349934904,82.343539432637,80.222694895253,80.340525046874,6020844.0
WBA,2015-11-12,81.67,81.935,80.15,80.4,5672363.0,0.36,1.0,80.552311554471,80.813684917541,79.053113396484,79.299692040889,5672363.0
WBA,2015-11-13,80.18,80.85,79.04,79.17,5038162.0,0.0,1.0,79.082702833812,79.74353360082,77.958304215322,78.086525110413,5038162.0
WBA,2015-11-16,79.0,82.09,78.9,81.84,5866167.0,0.0,1.0,77.918851632217,80.966563677072,77.820220174455,80.719985032666,5866167.0
WBA,2015-11-17,82.16,83.74,82.02,82.97,4672381.0,0.0,1.0,81.035605697506,82.59398273015,80.897521656639,81.83452050538,4672381.0
WBA,2015-11-18,82.97,84.82,82.76,84.58,4523660.0,0.0,1.0,81.83452050538,83.659202473983,81.62739444408,83.422486975353,4523660.0
WBA,2015-11-19,84.55,84.73,81.85,82.83,4307044.0,0.0,1.0,83.392897538025,83.570434161997,80.729848178443,81.696436464513,4307044.0
WBA,2015-11-20,83.53,83.53,81.65,81.83,5775551.0,0.0,1.0,82.386856668849,82.386856668849,80.532585262918,80.71012188689,5775551.0
WBA,2015-11-23,81.62,82.4,80.6,81.91,4271562.0,0.0,1.0,80.502995825589,81.272321196135,79.496954956414,80.7890270531,4271562.0
WBA,2015-11-24,81.13,83.12,80.6,82.93,4946316.0,0.0,1.0,80.019701682554,81.982467692024,79.496954956414,81.795067922276,4946316.0
WBA,2015-11-25,82.93,84.0,82.9,83.4,2084461.0,0.0,1.0,81.795067922276,82.850424520332,81.765478484947,82.258635773758,2084461.0
WBA,2015-11-27,83.46,85.2,83.46,84.18,2346388.0,0.0,1.0,82.317814648416,84.03400201348,82.317814648416,83.027961144304,2346388.0
WBA,2015-11-30,84.1,84.52,83.77,84.03,3602462.0,0.0,1.0,82.949055978094,83.363308100696,82.623572167479,82.880013957661,3602462.0
WBA,2015-12-01,84.43,84.69,83.36,83.99,2953897.0,0.0,1.0,83.27453978871,83.530981578892,82.219183190653,82.840561374556,2953897.0
WBA,2015-12-02,84.04,84.1033,83.03,83.31,2706220.0,0.0,1.0,82.889877103437,82.952310816201,81.893699380038,82.169867461772,2706220.0
WBA,2015-12-03,83.59,84.19,81.75,81.94,4274832.0,0.0,1.0,82.446035543507,83.037824290081,80.63121672068,80.818616490429,4274832.0
WBA,2015-12-04,82.02,84.73,82.0,84.62,4541013.0,0.0,1.0,80.897521656639,83.570434161997,80.877795365086,83.461939558458,4541013.0
WBA,2015-12-07,84.46,85.13,83.93,84.87,5841114.0,0.0,1.0,83.304129226039,83.964959993046,82.781382499899,83.708518202864,5841114.0
WBA,2015-12-08,84.26,84.89,83.44,83.66,5096139.0,0.0,1.0,83.106866310514,83.728244494417,82.298088356863,82.51507756394,5096139.0
WBA,2015-12-09,83.05,84.0,82.36,83.34,4217391.0,0.0,1.0,81.91342567159,82.850424520332,81.23286861303,82.199456899101,4217391.0
WBA,2015-12-10,83.43,84.02,82.75,83.42,2614542.0,0.0,1.0,82.288225211087,82.870150811885,81.617531298303,82.278362065311,2614542.0
WBA,2015-12-11,82.08,82.89,81.03,81.71,4166614.0,0.0,1.0,80.956700531296,81.755615339171,79.921070224792,80.591764137575,4166614.0
WBA,2015-12-14,81.8,82.89,81.15,82.56,3918456.0,0.0,1.0,80.680532449562,81.755615339171,80.039427974107,81.430131528555,3918456.0
WBA,2015-12-15,83.4,83.96,82.04,82.11,4411537.0,0.0,1.0,82.258635773758,82.810971937227,80.917247948191,80.986289968625,4411537.0
WBA,2015-12-16,82.93,84.96,82.46,84.71,4560935.0,0.0,1.0,81.795067922276,83.79728651485,81.331500070793,83.550707870444,4560935.0
WBA,2015-12-17,85.11,85.32,83.29,83.34,3765115.0,0.0,1.0,83.945233701494,84.152359762795,82.15014117022,82.199456899101,3765115.0
WBA,2015-12-18,82.73,83.44,82.14,82.51,7276184.0,0.0,1.0,81.597805006751,82.298088356863,81.015879405953,81.380815799674,7276184.0
WBA,2015-12-21,83.01,85.02,82.7103,84.89,4523245.0,0.0,1.0,81.873973088485,83.856465389508,81.578374609572,83.728244494417,4523245.0
WBA,2015-12-22,85.01,86.34,84.23,86.01,4963102.0,0.0,1.0,83.846602243731,85.15840063197,83.077276873185,84.832916821354,4963102.0
WBA,2015-12-23,86.31,86.5,85.71,86.05,3120652.0,0.0,1.0,85.128811194641,85.31621096439,84.537022448067,84.872369404459,3120652.0
WBA,2015-12-24,86.36,86.95,85.93,86.46,1366994.0,0.0,1.0,85.178126923522,85.76005252432,84.754011655145,85.276758381285,1366994.0
WBA,2015-12-28,85.99,86.405,85.42,85.84,2118625.0,0.0,1.0,84.813190529802,85.222511079515,84.250991220557,84.665243343158,2118625.0
WBA,2015-12-29,86.41,87.05,86.22,86.82,3550172.0,0.0,1.0,85.227442652404,85.858683982082,85.040042882655,85.631831629229,3550172.0
WBA,2015-12-30,86.82,87.0,86.34,86.39,2165272.0,0.0,1.0,85.631831629229,85.809368253201,85.15840063197,85.207716360851,2165272.0
WBA,2015-12-31,85.92,86.04,84.78,85.155,2464600.0,0.0,1.0,84.744148509368,84.862506258683,83.619749890878,83.989617857487,2464600.0
WBA,2016-01-04,83.7,83.77,82.12,82.86,5231627.0,0.0,1.0,82.554530147045,82.623572167479,80.996153114401,81.726025901842,5231627.0
WBA,2016-01-05,82.79,83.08,80.83,80.87,7269209.0,0.0,1.0,81.656983881408,81.943015108919,79.723807309267,79.763259892372,7269209.0
WBA,2016-01-06,80.54,81.26,79.43,79.63,11640166.0,0.0,1.0,79.437776081757,80.147922577645,78.342966900595,78.54022981612,11640166.0
WBA,2016-01-07,82.4,82.4,79.03,81.17,11361954.0,0.0,1.0,81.272321196135,81.272321196135,77.948441069546,80.059154265659,11361954.0
WBA,2016-01-08,81.88,83.0,80.92,81.05,7847007.0,0.0,1.0,80.759437615771,81.864109942709,79.812575621253,79.940796516344,7847007.0
WBA,2016-01-11,81.77,82.35,79.86,81.02,5339761.0,0.0,1.0,80.650943012233,81.223005467254,78.767082168973,79.911207079016,5339761.0
WBA,2016-01-12,81.58,81.98,80.81,81.82,4084729.0,0.0,1.0,80.463543242484,80.858069073534,79.704081017715,80.700258741114,4084729.0
WBA,2016-01-13,81.83,82.1925,79.62,79.93,4632507.0,0.0,1.0,80.71012188689,81.067660921279,78.530366670343,78.836124189407,4632507.0
WBA,2016-01-14,80.0,82.7399,79.78,81.87,5320575.0,0.0,1.0,78.90516620984,81.607569521069,78.688177002763,80.749574469995,5320575.0
WBA,2016-01-15,79.48,80.75,78.95,79.96,6501179.0,0.0,1.0,78.392282629476,79.644902143057,77.869535903336,78.865713626735,6501179.0
WBA,2016-01-19,80.92,81.64,79.86,80.7,5426489.0,0.0,1.0,79.812575621253,80.522722117142,78.767082168973,79.595586414176,5426489.0
WBA,2016-01-20,79.2,80.22,77.0,79.45,4961666.0,0.0,1.0,78.116114547742,79.122155416917,75.946222476971,78.362693192147,4961666.0
WBA,2016-01-21,79.45,79.921,78.53,78.98,4367862.0,0.0,1.0,78.362693192147,78.827247358208,77.455283780734,77.899125340665,4367862.0
WBA,2016-01-22,80.63,81.09,79.61,80.84,3360445.0,0.0,1.0,79.526544393743,79.980249099449,78.520503524567,79.733670455043,3360445.0
WBA,2016-01-25,80.62,80.94,78.56,78.71,3273031.0,0.0,1.0,79.516681247966,79.832301912806,77.484873218063,77.632820404706,3273031.0
WBA,2016-01-26,78.8,79.8,78.8,79.44,3538738.0,0.0,1.0,77.721588716693,78.707903294316,77.721588716693,78.352830046371,3538738.0
WBA,2016-01-27,79.98,80.46,77.97,78.45,3377015.0,0.0,1.0,78.885439918288,79.358870915547,76.902947617265,77.376378614524,3377015.0
WBA,2016-01-28,78.85,78.9299,76.62,77.61,4392354.0,0.0,1.0,77.770904445574,77.849710980326,75.571422937474,76.547874369321,4392354.0
WBA,2016-01-29,78.58,79.74,77.14,79.72,4778994.0,0.0,1.0,77.504599509615,78.648724419658,76.084306517838,78.628998128106,4778994.0
WBA,2016-02-01,78.89,80.71,78.32,80.07,4587754.0,0.0,1.0,77.810357028679,79.605449559952,77.248157719433,78.974208230274,4587754.0
WBA,2016-02-02,79.09,79.29,77.71,78.0,4117078.0,0.0,1.0,78.007619944203,78.204882859728,76.646505827083,76.932537054594,4117078.0
WBA,2016-02-03,78.43,78.7,76.05,76.81,4403933.0,0.0,1.0,77.356652322972,77.62295725893,75.009223628229,75.758822707223,4403933.0
WBA,2016-02-04,76.76,77.327,75.11,77.19,5335910.0,0.0,1.0,75.709506978342,76.268747343854,74.082087925264,76.13362224672,5335910.0
WBA,2016-02-05,76.59,77.39,74.79,75.2,6069812.0,0.0,1.0,75.541833500146,76.330885162244,73.766467260424,74.17085623725,6069812.0
WBA,2016-02-08,74.18,74.18,71.5,72.91,8754774.0,0.0,1.0,73.164815368074,73.164815368074,70.521492300045,71.912195854493,8754774.0
WBA,2016-02-09,72.55,75.69,72.14,74.94,6618283.0,0.0,1.0,71.557122606549,74.654150380285,71.152733629723,73.914414447068,6618283.0
WBA,2016-02-10,75.66,77.505,75.0,76.03,4093713.0,0.0,1.0,74.624560942956,76.444311338671,73.973593321725,74.989497336677,4093713.0
WBA,2016-02-11,74.85,76.116,73.88,75.53,5024625.0,0.0,1.0,73.825646135082,75.074320390352,72.868920994787,74.496340047865,5024625.0
WBA,2016-02-12,76.59,77.11,75.84,77.08,4030718.0,0.0,1.0,75.541833500146,76.05471708051,74.802097566928,76.025127643181,4030718.0
WBA,2016-02-16,78.2,78.2,76.17,76.55,4595593.0,0.36,1.0,77.492526658417,77.492526658417,75.480892014983,75.857454164985,4595593.0
WBA,2016-02-17,77.19,78.24,76.63,78.16,4157652.0,0.0,1.0,76.491664101831,77.53216477947,75.936730407091,77.452888537364,4157652.0
WBA,2016-02-18,77.5,77.99,76.44,76.55,3957415.0,0.0,1.0,76.798859539991,77.284426522889,75.74844933209,75.857454164985,3957415.0
WBA,2016-02-19,76.44,77.59,75.95,77.56,4014362.0,0.0,1.0,75.74844933209,76.88804531236,75.262882349192,76.858316721571,4014362.0
WBA,2016-02-22,78.4,78.88,77.75,78.8,3305108.0,0.0,1.0,77.690717263682,78.166374716316,77.046597796572,78.087098474211,3305108.0
WBA,2016-02-23,78.47,78.94,77.695,78.73,3771064.0,0.0,1.0,77.760083975524,78.225831897896,76.992095380124,78.017731762368,3771064.0
WBA,2016-02-24,78.05,79.43,77.91,79.43,3548507.0,0.0,1.0,77.343883704469,78.711398880794,77.205150280784,78.711398880794,3548507.0
WBA,2016-02-25,79.48,79.94,78.56,79.92,3129550.0,0.0,1.0,78.76094653211,79.216784924218,77.849269747893,79.196965863692,3129550.0
WBA,2016-02-26,80.0,80.05,78.87,79.57,4478111.0,0.0,1.0,79.276242105798,79.325789757114,78.156465186053,78.850132304479,4478111.0
WBA,2016-02-29,79.35,79.93,78.79,78.94,2942709.0,0.0,1.0,78.632122638688,79.206875393955,78.077188943947,78.225831897896,2942709.0
WBA,2016-03-01,79.92,80.55,79.52,80.35,4238286.0,0.0,1.0,79.196965863692,79.821266270275,78.800584653163,79.62307566501,4238286.0
WBA,2016-03-02,80.3,80.4869,78.63,79.46,4088254.0,0.0,1.0,79.573528013694,79.758737134314,77.918636459736,78.741127471583,4088254.0
WBA,2016-03-03,79.36,79.975,78.33,79.92,2505365.0,0.0,1.0,78.642032168951,79.25146828014,77.621350551839,79.196965863692,2505365.0
WBA,2016-03-04,80.0,80.09,79.04,79.45,2109967.0,0.0,1.0,79.276242105798,79.365427878167,78.324927200528,78.73121794132,2109967.0
WBA,2016-03-07,78.88,80.03,78.61,79.15,3541306.0,0.0,1.0,78.166374716316,79.305970696587,77.898817399209,78.433932033423,3541306.0
WBA,2016-03-08,78.94,81.45,78.71,80.39,3927727.0,0.0,1.0,78.225831897896,80.713123993965,77.997912701842,79.662713786063,3927727.0
WBA,2016-03-09,80.94,83.1,80.63,81.6,5006718.0,0.0,1.0,80.207737950541,82.348196487397,79.900542512381,80.861766947914,5006718.0
WBA,2016-03-11,81.44,81.58,80.82,81.41,2532994.0,0.0,1.0,80.703214463702,80.841947887387,80.088823587382,80.673485872912,2532994.0
WBA,2016-03-14,81.12,81.86,81.0,81.52,1829718.0,0.0,1.0,80.386109495279,81.119414734757,80.26719513212,80.782490705808,1829718.0
WBA,2016-03-15,80.91,81.82,80.9,81.32,1929656.0,0.0,1.0,80.178009359751,81.079776613704,80.168099829488,80.584300100543,1929656.0
WBA,2016-03-16,81.21,82.22,80.94,82.1,3211846.0,0.0,1.0,80.475295267648,81.476157824233,80.207737950541,81.357243461075,3211846.0
WBA,2016-03-17,81.41,83.44,81.41,83.3,3833618.0,0.0,1.0,80.673485872912,82.685120516347,80.673485872912,82.546387092662,3833618.0
WBA,2016-03-18,83.76,84.58,83.06,83.94,9460311.0,0.0,1.0,83.00222548477,83.814806966354,82.308558366344,83.180597029508,9460311.0
WBA,2016-03-21,83.86,84.0553,83.49,83.55,2602083.0,0.0,1.0,83.101320787402,83.294853913443,82.734668167663,82.794125349242,2602083.0
WBA,2016-03-22,83.16,83.335,82.26,82.8,2787412.0,0.0,1.0,82.407653668977,82.581070448583,81.515795945286,82.0509105795,2787412.0
WBA,2016-03-23,82.82,83.05,82.08,82.34,2114083.0,0.0,1.0,82.070729640027,82.298648836081,81.337424400548,81.595072187392,2114083.0
WBA,2016-03-24,82.24,82.34,81.72,82.33,1922955.0,0.0,1.0,81.49597688476,81.595072187392,80.980681311072,81.585162657129,1922955.0
WBA,2016-03-28,82.33,83.22,82.06,82.79,1722441.0,0.0,1.0,81.585162657129,82.467110850556,81.317605340022,82.041001049237,1722441.0
WBA,2016-03-29,82.92,83.06,81.9419,83.02,2662333.0,0.0,1.0,82.169824942659,82.308558366344,81.200573787613,82.268920245291,2662333.0
WBA,2016-03-30,83.5,83.8595,83.03,83.63,2790457.0,0.0,1.0,82.744577697926,83.100825310889,82.278829775555,82.873401591348,2790457.0
WBA,2016-03-31,83.83,84.47,83.7,84.24,3487257.0,0.0,1.0,83.071592196613,83.705802133459,82.942768303191,83.477882937405,3487257.0
WBA,2016-04-01,84.24,86.84,84.02,86.7,6489482.0,0.0,1.0,83.477882937405,86.054360805843,83.259873271614,85.915627382158,6489482.0
WBA,2016-04-04,86.64,86.79,84.82,86.31,5041205.0,0.0,1.0,85.856170200579,86.004813154527,84.052635692672,85.529155701892,5041205.0
WBA,2016-04-05,85.77,86.0,82.55,83.36,9395879.0,0.0,1.0,84.994041067678,85.221960263732,81.80317232292,82.605844274241,9395879.0
WBA,2016-04-06,83.34,85.1,83.12,83.69,7947302.0,0.0,1.0,82.586025213715,84.330102540042,82.368015547924,82.932858772928,7947302.0
WBA,2016-04-07,83.38,83.54,81.2,81.3,5544329.0,0.0,1.0,82.625663334768,82.784215818979,80.465385737385,80.564481040017,5544329.0
WBA,2016-04-08,81.56,82.06,81.18,81.37,4099575.0,0.0,1.0,80.822128826861,81.317605340022,80.445566676858,80.633847751859,4099575.0
WBA,2016-04-11,81.72,82.14,81.015,81.15,2978629.0,0.0,1.0,80.980681311072,81.396881582128,80.282059427515,80.415838086068,2978629.0
WBA,2016-04-12,81.26,81.7,80.905,81.31,3596982.0,0.0,1.0,80.524842918964,80.960862250546,80.173054594619,80.57439057028,3596982.0
WBA,2016-04-13,81.95,82.0,80.82,81.08,5205549.0,0.0,1.0,81.208600507126,81.258148158443,80.088823587382,80.346471374226,5205549.0
WBA,2016-04-14,80.99,81.36,80.755,81.26,3908965.0,0.0,1.0,80.257285601857,80.623938221596,80.024411640671,80.524842918964,3908965.0
WBA,2016-04-15,81.77,81.83,81.12,81.44,3212529.0,0.0,1.0,81.030228962388,81.089686143968,80.386109495279,80.703214463702,3212529.0
WBA,2016-04-18,81.18,81.47,80.86,81.25,3981855.0,0.0,1.0,80.445566676858,80.732943054492,80.128461708435,80.514933388701,3981855.0
WBA,2016-04-19,81.27,81.96,80.7,81.84,5331802.0,0.0,1.0,80.534752449227,81.21851003739,79.969909224223,81.099595674231,5331802.0
WBA,2016-04-20,82.09,82.18,81.07,81.13,2758417.0,0.0,1.0,81.347333930812,81.436519703181,80.336561843963,80.396019025542,2758417.0
WBA,2016-04-21,81.05,81.49,80.52,80.56,3209012.0,0.0,1.0,80.316742783436,80.752762115018,79.791537679485,79.831175800538,3209012.0
WBA,2016-04-22,80.54,81.11,79.72,80.14,3740061.0,0.0,1.0,79.811356740012,80.376199965016,78.998775258427,79.414975529483,3740061.0
WBA,2016-04-25,80.02,80.4,79.71,80.39,2930856.0,0.0,1.0,79.296061166324,79.672623316327,78.988865728164,79.662713786063,2930856.0
WBA,2016-04-26,80.82,81.4,80.3701,81.31,3372163.0,0.0,1.0,80.088823587382,80.663576342649,79.64299382084,80.57439057028,3372163.0
WBA,2016-04-27,81.47,81.97,81.05,81.56,3584176.0,0.0,1.0,80.732943054492,81.228419567653,80.316742783436,80.822128826861,3584176.0
WBA,2016-04-28,81.11,81.38,80.16,80.345,2746445.0,0.0,1.0,80.376199965016,80.643757282123,79.434794590009,79.618120899879,2746445.0
WBA,2016-04-29,79.58,79.76,78.28,79.28,5133846.0,0.0,1.0,78.860041834742,79.03841337948,77.571802900523,78.562755926845,5133846.0
WBA,2016-05-02,79.1,80.79,79.02,80.56,3186106.0,0.0,1.0,78.384384382107,80.059094996592,78.305108140002,79.831175800538,3186106.0
WBA,2016-05-03,79.86,81.92,79.66,81.46,5225881.0,0.0,1.0,79.137508682112,81.178871916337,78.939318076848,80.723033524228,5225881.0
WBA,2016-05-04,81.04,81.725,80.84,81.49,3446611.0,0.0,1.0,80.306833253173,80.985636076204,80.108642647908,80.752762115018,3446611.0
WBA,2016-05-05,81.34,81.8,81.01,81.46,2513600.0,0.0,1.0,80.60411916107,81.059957553178,80.277104662383,80.723033524228,2513600.0
WBA,2016-05-06,79.0,79.5,78.24,79.43,11280116.0,0.0,1.0,78.285289079475,78.780765592636,77.53216477947,78.711398880794,11280116.0
WBA,2016-05-09,79.5,81.305,79.4,80.89,6145033.0,0.0,1.0,78.780765592636,80.569435805148,78.681670290004,80.158190299225,6145033.0
WBA,2016-05-10,80.97,81.25,80.65,80.92,2917412.0,0.0,1.0,80.23746654133,80.514933388701,79.920361572907,80.187918890014,2917412.0
WBA,2016-05-11,80.95,80.95,79.425,80.23,5877627.0,0.0,1.0,80.217647480804,80.217647480804,78.706444115662,79.504161301852,5877627.0
WBA,2016-05-12,80.37,80.57,79.68,79.87,2888437.0,0.0,1.0,79.642894725537,79.841085330801,78.959137137374,79.147418212376,2888437.0
WBA,2016-05-13,79.59,80.04,78.55,78.61,3993299.0,0.0,1.0,78.869951365005,79.31588022685,77.83936021763,77.898817399209,3993299.0
WBA,2016-05-16,78.41,79.23,78.01,78.87,5096721.0,0.36,1.0,78.055289221304,78.871579709271,77.657098739369,78.513208275529,5096721.0
WBA,2016-05-17,77.69,77.99,76.47,76.48,7493239.0,0.0,1.0,77.338546353821,77.637189215272,76.124065383919,76.134020145968,7493239.0
WBA,2016-05-18,76.49,77.02,75.85,76.54,5834082.0,0.0,1.0,76.143974908016,76.67157729658,75.50687013692,76.193748718258,5834082.0
WBA,2016-05-19,76.02,76.98,75.735,76.21,2956364.0,0.0,1.0,75.676101091743,76.631758248387,75.392390373364,75.865241570662,2956364.0
WBA,2016-05-20,76.34,77.53,76.3,77.22,6138311.0,0.0,1.0,75.994653477291,77.179270161047,75.954834429097,76.870672537547,6138311.0
WBA,2016-05-23,77.02,77.26,76.4,76.53,3584176.0,0.0,1.0,76.67157729658,76.910491585741,76.054382049581,76.18379395621,3584176.0
WBA,2016-05-24,76.72,77.65,76.71,77.15,4647745.0,0.0,1.0,76.372934435129,77.298727305628,76.36297967308,76.800989203209,4647745.0
WBA,2016-05-25,77.31,77.92,77.2,77.63,4000536.0,0.0,1.0,76.960265395983,77.567505880934,76.850763013451,77.278817781531,4000536.0
WBA,2016-05-26,77.46,77.53,76.74,76.78,3231410.0,0.0,1.0,77.109586826708,77.179270161047,76.392843959226,76.432663007419,3231410.0
WBA,2016-05-27,77.09,77.33,76.55,77.0,2817284.0,0.0,1.0,76.741260630919,76.98017492008,76.203703480306,76.651667772483,2817284.0
WBA,2016-05-31,76.94,77.59,76.65,77.4,4148844.0,0.0,1.0,76.591939200193,77.238998733337,76.30325110079,77.049858254418,4148844.0
WBA,2016-06-01,77.42,78.22,77.22,78.1,3898878.0,0.0,1.0,77.069767778515,77.866148742385,76.870672537547,77.746691597804,3898878.0
WBA,2016-06-02,78.2,79.5,78.025,79.1,3935388.0,0.0,1.0,77.846239218288,79.140358284577,77.672030882442,78.742167802642,3935388.0
WBA,2016-06-03,79.14,79.14,78.16,78.68,2470896.0,0.0,1.0,78.781986850835,78.781986850835,77.806420170095,78.32406779661,2470896.0
WBA,2016-06-06,78.68,79.21,78.41,78.66,2576492.0,0.0,1.0,78.32406779661,78.851670185174,78.055289221304,78.304158272513,2576492.0
WBA,2016-06-07,79.21,79.985,79.0,79.1203,2895159.0,0.0,1.0,78.851670185174,79.623164243923,78.642620182158,78.7623759696,2895159.0
WBA,2016-06-08,78.98,79.71,78.97,79.44,2766589.0,0.0,1.0,78.622710658061,79.349408287593,78.612755896013,79.080629712287,2766589.0
WBA,2016-06-09,79.39,79.78,78.65,79.01,2329691.0,0.0,1.0,79.030855902045,79.419091621931,78.294203510465,78.652574944207,2329691.0
WBA,2016-06-10,78.67,83.48,78.65,82.47,10809365.0,0.0,1.0,78.314113034562,83.10235357983,78.294203510465,82.096922612944,10809365.0
WBA,2016-06-13,82.5,84.45,82.06,84.36,8543458.0,0.0,1.0,82.126786899089,84.067965498522,81.688777368961,83.978372640087,8543458.0
WBA,2016-06-14,83.89,84.44,82.65,84.34,6647011.0,0.0,1.0,83.510498823813,84.058010736474,82.276108329815,83.95846311599,6647011.0
WBA,2016-06-15,84.23,84.89,83.09,83.21,5170880.0,0.0,1.0,83.848960733458,84.505975028651,82.714117859943,82.833575004524,5170880.0
WBA,2016-06-16,82.0,83.33,81.33,83.15,3656094.0,0.0,1.0,81.62904879667,82.953032149104,80.962079739429,82.773846432234,3656094.0
WBA,2016-06-17,83.52,83.56,81.79,82.65,5860452.0,0.0,1.0,83.142172628023,83.181991676217,81.419998793655,82.276108329815,5860452.0
WBA,2016-06-20,83.37,84.46,82.77,82.93,5104283.0,0.0,1.0,82.992851197298,84.077920260571,82.395565474395,82.554841667169,5104283.0
WBA,2016-06-21,83.1,83.39,82.86,83.2,3426650.0,0.0,1.0,82.724072621992,83.012760721395,82.485158332831,82.823620242475,3426650.0
WBA,2016-06-22,82.95,83.8,82.9,83.74,4626723.0,0.0,1.0,82.574751191266,83.420905965378,82.524977381024,83.361177393088,4626723.0
WBA,2016-06-23,84.3,85.09,83.71,85.06,4545046.0,0.0,1.0,83.918644067797,84.705070269618,83.331313106943,84.675205983473,4545046.0
WBA,2016-06-24,81.71,82.97,81.5,81.78,9313351.0,0.0,1.0,81.340360697268,82.594660715363,81.131310694252,81.410044031606,9313351.0
WBA,2016-06-27,80.94,81.3562,79.01,79.38,6704505.0,0.0,1.0,80.573844019543,80.988161215996,78.652574944207,79.020901139996,6704505.0
WBA,2016-06-28,79.71,79.98,78.99,79.88,4741137.0,0.0,1.0,79.349408287593,79.618186862899,78.63266542011,79.518639242415,4741137.0
WBA,2016-06-29,80.34,83.34,80.03,83.19,6382104.0,0.0,1.0,79.97655829664,82.962986911153,79.667960673141,82.813665480427,6382104.0
WBA,2016-06-30,83.39,83.45,82.21,83.22,5423516.0,0.0,1.0,83.012760721395,83.072489293685,81.838098799686,82.843529766572,5423516.0
WBA,2016-07-01,83.71,83.92,82.85,83.06,4814919.0,0.0,1.0,83.331313106943,83.540363109958,82.475203570782,82.684253573798,4814919.0
WBA,2016-07-05,82.88,84.97,82.7,83.52,7556241.0,0.0,1.0,82.505067856927,84.585613125038,82.325882140057,83.142172628023,7556241.0
WBA,2016-07-06,82.15,82.8399,80.58,81.55,10506404.0,0.0,1.0,81.778370227396,82.465149261113,80.215472585801,81.181084504494,10506404.0
WBA,2016-07-07,81.52,81.97,80.38,80.5,5513871.0,0.0,1.0,81.151220218349,81.599184510525,80.016377344834,80.135834489414,5513871.0
WBA,2016-07-08,81.01,81.8,80.63,81.8,5916865.0,0.0,1.0,80.643527353881,81.429953555703,80.265246396043,81.429953555703,5916865.0
WBA,2016-07-11,81.83,82.31,81.6701,82.01,3586350.0,0.0,1.0,81.459817841848,81.93764642017,81.300641196695,81.639003558719,3586350.0
WBA,2016-07-12,81.9,82.62,81.05,81.22,5193422.0,0.0,1.0,81.529501176187,82.24624404367,80.683346402075,80.852577356897,5193422.0
WBA,2016-07-13,81.69,82.23,81.21,81.77,4523362.0,0.0,1.0,81.320451173171,81.858008323783,80.842622594849,81.400089269558,4523362.0
WBA,2016-07-14,82.66,84.19,82.33,83.78,6980503.0,0.0,1.0,82.286063091863,83.809141685264,81.957555944267,83.400996441281,6980503.0
WBA,2016-07-15,84.34,84.38,82.25,82.51,6491727.0,0.0,1.0,83.95846311599,83.998282164184,81.87791784788,82.136741661138,6491727.0
WBA,2016-07-18,82.59,83.56,82.33,82.78,3683632.0,0.0,1.0,82.216379757525,83.181991676217,81.957555944267,82.405520236444,3683632.0
WBA,2016-07-19,83.03,83.195,81.98,82.21,4882062.0,0.0,1.0,82.654389287653,82.818642861451,81.609139272574,81.838098799686,4882062.0
WBA,2016-07-20,82.37,82.64,82.15,82.51,4900513.0,0.0,1.0,81.99737499246,82.266153567766,81.778370227396,82.136741661138,4900513.0
WBA,2016-07-21,82.45,82.75,81.49,81.7,2684270.0,0.0,1.0,82.077013088847,82.375655950299,81.121355932203,81.330405935219,2684270.0
WBA,2016-07-22,82.33,82.41,81.23,81.35,3137420.0,0.0,1.0,81.957555944267,82.037194040654,80.862532118946,80.981989263526,3137420.0
WBA,2016-07-25,81.41,81.61,80.79,81.57,3352828.0,0.0,1.0,81.041717835816,81.240813076784,80.424522588817,81.20099402859,3352828.0
WBA,2016-07-26,81.35,82.35,81.105,81.33,3129998.0,0.0,1.0,80.981989263526,81.977465468364,80.738097593341,80.962079739429,3129998.0
WBA,2016-07-27,80.58,80.6,79.55,79.94,9054470.0,0.0,1.0,80.215472585801,80.235382109898,79.190132094819,79.578367814705,9054470.0
WBA,2016-07-28,79.77,79.92,79.04,79.46,3906732.0,0.0,1.0,79.409136859883,79.558458290609,78.682439230352,79.100539236383,3906732.0
WBA,2016-07-29,79.49,79.565,78.8,79.25,3678273.0,0.0,1.0,79.130403522528,79.205064237891,78.443524941191,78.891489233368,3678273.0
WBA,2016-08-01,78.88,79.49,78.05,79.27,4344219.0,0.0,1.0,78.523163037578,79.130403522528,77.696917787563,78.911398757464,4344219.0
WBA,2016-08-02,79.6,80.14,78.42,78.95,3906205.0,0.0,1.0,79.239905905061,79.777463055673,78.065243983352,78.592846371916,3906205.0
WBA,2016-08-03,79.02,80.02,78.846,79.6,3819116.0,0.0,1.0,78.662529706255,79.658005911092,78.489316846613,79.239905905061,3819116.0
WBA,2016-08-04,79.85,80.29,79.66,79.85,3180069.0,0.0,1.0,79.48877495627,79.926784486398,79.299634477351,79.48877495627,3180069.0
WBA,2016-08-05,80.25,81.29,79.92,80.53,3769596.0,0.0,1.0,79.886965438205,80.922260691236,79.558458290609,80.165698775559,3769596.0
WBA,2016-08-08,80.42,80.8,80.31,80.63,3717213.0,0.0,1.0,80.056196393027,80.434477350866,79.946694010495,80.265246396043,3717213.0
WBA,2016-08-09,80.82,81.17,80.49,80.89,3464583.0,0.0,1.0,80.454386874962,80.802803546655,80.125879727366,80.524070209301,3464583.0
WBA,2016-08-10,81.06,82.9,81.02,82.5,7752265.0,0.0,1.0,80.693301164123,82.524977381024,80.65348211593,82.126786899089,7752265.0
WBA,2016-08-11,82.94,83.23,82.39,82.91,5728567.0,0.0,1.0,82.564796429218,82.853484528621,82.017284516557,82.534932143073,5728567.0
WBA,2016-08-12,82.64,83.36,82.5,83.32,3526867.0,0.0,1.0,82.266153567766,82.982896435249,82.126786899089,82.943077387056,3526867.0
WBA,2016-08-15,83.3,83.8799,82.66,83.61,3598822.0,0.0,1.0,82.923167862959,83.500444514144,82.286063091863,83.231765486459,3598822.0
WBA,2016-08-16,83.4,83.5,82.77,82.8,3342124.0,0.0,1.0,83.022715483443,83.122263103927,82.395565474395,82.42542976054,3342124.0
WBA,2016-08-17,82.58,82.89,81.73,82.52,3808471.0,0.375,1.0,82.58,82.89,81.73,82.52,3808471.0
WBA,2016-08-18,82.65,82.91,82.04,82.65,2859744.0,0.0,1.0,82.65,82.91,82.04,82.65,2859744.0
WBA,2016-08-19,82.32,82.825,82.015,82.59,2733130.0,0.0,1.0,82.32,82.825,82.015,82.59,2733130.0
WBA,2016-08-22,82.66,83.0,82.22,82.74,2625485.0,0.0,1.0,82.66,83.0,82.22,82.74,2625485.0
WBA,2016-08-23,83.0,83.07,82.27,82.38,1816158.0,0.0,1.0,83.0,83.07,82.27,82.38,1816158.0
WBA,2016-08-24,82.06,82.44,81.25,81.47,3963874.0,0.0,1.0,82.06,82.44,81.25,81.47,3963874.0
WBA,2016-08-25,81.33,81.63,79.805,80.18,4193110.0,0.0,1.0,81.33,81.63,79.805,80.18,4193110.0
WBA,2016-08-26,80.31,80.43,78.51,79.39,6043595.0,0.0,1.0,80.31,80.43,78.51,79.39,6043595.0
WBA,2016-08-29,79.8,80.86,79.7101,80.35,3413868.0,0.0,1.0,79.8,80.86,79.7101,80.35,3413868.0
WBA,2016-08-30,80.41,80.55,79.98,80.52,2776897.0,0.0,1.0,80.41,80.55,79.98,80.52,2776897.0
WBA,2016-08-31,80.54,80.83,80.25,80.71,3225339.0,0.0,1.0,80.54,80.83,80.25,80.71,3225339.0
WBA,2016-09-01,81.04,81.71,80.59,81.54,3283591.0,0.0,1.0,81.04,81.71,80.59,81.54,3283591.0
WBA,2016-09-02,81.87,82.25,81.72,82.22,2969996.0,0.0,1.0,81.87,82.25,81.72,82.22,2969996.0
WBA,2016-09-06,82.05,82.137,81.2,81.64,3678651.0,0.0,1.0,82.05,82.137,81.2,81.64,3678651.0
WBA,2016-09-07,81.82,83.06,81.41,82.88,3315672.0,0.0,1.0,81.82,83.06,81.41,82.88,3315672.0
WBA,2016-09-08,84.25,85.08,82.88,84.67,9205850.0,0.0,1.0,84.25,85.08,82.88,84.67,9205850.0
WBA,2016-09-09,83.7,84.24,82.77,82.92,6828167.0,0.0,1.0,83.7,84.24,82.77,82.92,6828167.0
WBA,2016-09-12,82.95,83.74,82.66,83.57,4339378.0,0.0,1.0,82.95,83.74,82.66,83.57,4339378.0
WBA,2016-09-13,83.0,83.16,81.98,82.25,3558634.0,0.0,1.0,83.0,83.16,81.98,82.25,3558634.0
WBA,2016-09-14,81.78,82.48,80.71,80.98,4718925.0,0.0,1.0,81.78,82.48,80.71,80.98,4718925.0
WBA,2016-09-15,80.83,81.66,80.6922,81.4,5474374.0,0.0,1.0,80.83,81.66,80.6922,81.4,5474374.0
WBA,2016-09-16,80.5,81.73,80.36,81.365,8851721.0,0.0,1.0,80.5,81.73,80.36,81.365,8851721.0
WBA,2016-09-19,81.84,81.84,80.44,80.81,3739377.0,0.0,1.0,81.84,81.84,80.44,80.81,3739377.0
WBA,2016-09-20,80.91,81.29,80.62,80.64,2502015.0,0.0,1.0,80.91,81.29,80.62,80.64,2502015.0
WBA,2016-09-21,80.74,80.98,79.65,80.58,4547396.0,0.0,1.0,80.74,80.98,79.65,80.58,4547396.0
WBA,2016-09-22,81.24,82.71,80.916,82.38,6950609.0,0.0,1.0,81.24,82.71,80.916,82.38,6950609.0
WBA,2016-09-23,82.53,82.59,82.03,82.05,2562163.0,0.0,1.0,82.53,82.59,82.03,82.05,2562163.0
WBA,2016-09-26,81.66,81.9,80.56,80.68,2899320.0,0.0,1.0,81.66,81.9,80.56,80.68,2899320.0
WBA,2016-09-27,80.77,81.51,80.54,80.97,2863465.0,0.0,1.0,80.77,81.51,80.54,80.97,2863465.0
WBA,2016-09-28,81.18,81.47,80.15,80.66,3088964.0,0.0,1.0,81.18,81.47,80.15,80.66,3088964.0
WBA,2016-09-29,80.4,80.71,78.9,79.21,3640962.0,0.0,1.0,80.4,80.71,78.9,79.21,3640962.0
WBA,2016-09-30,79.59,80.92,79.02,80.62,4293640.0,0.0,1.0,79.59,80.92,79.02,80.62,4293640.0
WBA,2016-10-03,80.27,80.69,80.02,80.38,2289358.0,0.0,1.0,80.27,80.69,80.02,80.38,2289358.0
WBA,2016-10-04,80.85,81.491,80.03,80.24,3102107.0,0.0,1.0,80.85,81.491,80.03,80.24,3102107.0
WBA,2016-10-05,80.3,80.9,80.18,80.51,2491349.0,0.0,1.0,80.3,80.9,80.18,80.51,2491349.0
WBA,2016-10-06,80.7,80.7,79.74,80.3,3644744.0,0.0,1.0,80.7,80.7,79.74,80.3,3644744.0
WBA,2016-10-07,80.65,80.75,79.25,79.88,2835769.0,0.0,1.0,80.65,80.75,79.25,79.88,2835769.0
WBA,2016-10-10,80.0,80.1,79.39,79.65,2745141.0,0.0,1.0,80.0,80.1,79.39,79.65,2745141.0
WBA,2016-10-11,79.45,79.51,77.7975,78.08,5364268.0,0.0,1.0,79.45,79.51,77.7975,78.08,5364268.0
WBA,2016-10-12,78.16,78.92,77.81,78.3,3457746.0,0.0,1.0,78.16,78.92,77.81,78.3,3457746.0
WBA,2016-10-13,77.84,78.63,77.7,78.2,3413653.0,0.0,1.0,77.84,78.63,77.7,78.2,3413653.0
WBA,2016-10-14,78.43,78.69,77.94,78.31,2638650.0,0.0,1.0,78.43,78.69,77.94,78.31,2638650.0
WBA,2016-10-17,79.5,79.7,77.83,78.01,3589717.0,0.0,1.0,79.5,79.7,77.83,78.01,3589717.0
WBA,2016-10-18,78.63,78.9,77.99,78.08,3086575.0,0.0,1.0,78.63,78.9,77.99,78.08,3086575.0
WBA,2016-10-19,78.06,78.07,76.26,77.18,5756199.0,0.0,1.0,78.06,78.07,76.26,77.18,5756199.0
WBA,2016-10-20,78.75,81.3,78.615,81.02,11128089.0,0.0,1.0,78.75,81.3,78.615,81.02,11128089.0
WBA,2016-10-21,80.7,81.62,80.28,81.57,4431466.0,0.0,1.0,80.7,81.62,80.28,81.57,4431466.0
WBA,2016-10-24,81.65,83.34,81.58,83.11,4662516.0,0.0,1.0,81.65,83.34,81.58,83.11,4662516.0
WBA,2016-10-25,83.1,83.25,82.18,82.46,3310419.0,0.0,1.0,83.1,83.25,82.18,82.46,3310419.0
WBA,2016-10-26,81.53,82.965,81.53,82.3,3019753.0,0.0,1.0,81.53,82.965,81.53,82.3,3019753.0
WBA,2016-10-27,82.18,82.69,81.82,82.16,2543457.0,0.0,1.0,82.18,82.69,81.82,82.16,2543457.0
WBA,2016-10-28,80.23,81.15,79.33,81.1,7958824.0,0.0,1.0,80.23,81.15,79.33,81.1,7958824.0
